Atom,E0
1,-484.31068776793177
6,-931.3667072460225
7,-37.25466828984091
8,-37.25466828984091
